{
  "best_epoch": 1,
  "best_val_mpjpe": 0.3793757271001683,
  "test": {
    "loss": 0.07445814658669715,
    "joint_loss": 0.07107299261112163,
    "bone_loss": 0.03385154110320071,
    "mpjpe": 0.3858018568221559,
    "missing_mpjpe": 0.4078025589597986,
    "visible_mpjpe": 0.3654935382148053,
    "bone_error": 0.13698625041449325,
    "samples_per_sec": 16.65765469826574,
    "per_joint_mpjpe": {
      "joint_00": 0.21869803029594692,
      "joint_01": 0.21808171089659345,
      "joint_02": 0.2635219038293717,
      "joint_03": 0.3202307927016671,
      "joint_04": 0.3083896899392419,
      "joint_05": 0.45084667476356455,
      "joint_06": 0.5042377558498518,
      "joint_07": 0.5274737153831103,
      "joint_08": 0.3806034783437742,
      "joint_09": 0.39616683959960936,
      "joint_10": 0.39907413996703234,
      "joint_11": 0.41548602219169023,
      "joint_12": 0.20158207913662524,
      "joint_13": 0.33361239683543537,
      "joint_14": 0.5136830060701844,
      "joint_15": 0.5059383579010659,
      "joint_16": 0.24104247329928352,
      "joint_17": 0.34108677262110065,
      "joint_18": 0.36085977676066944,
      "joint_19": 0.427036919018901,
      "joint_20": 0.2355901693790517,
      "joint_21": 0.6360634699611799,
      "joint_22": 0.5555816455597573,
      "joint_23": 0.45565132114058693,
      "joint_24": 0.4345074324912213
    },
    "best_epoch": 1,
    "best_val_mpjpe": 0.3793757271001683
  }
}